omega_rad_s,freq_hz,Magnitude_raw,Magnitude_smooth,Phase_raw_rad,Phase_smooth_rad,Magnitude_dB,Phase_deg,Real_part,Imag_part,actual_freq_hz,adc_sample_rate_hz,clip_flags,dac_sample_rate_hz,input_dc_v,input_max_code,input_min_code,input_pp_v,input_rms_v,magnitude_repeat_span_db,output_dc_v,output_max_code,output_min_code,output_pp_v,output_rms_v,phase_repeat_span_rad,valid_capture_count
628.377991,100.00946339780451,0.989532,0.9762508000000001,-0.186,-0.2944,-0.20877194453730655,-16.867877488651434,0.9342489897449615,-0.2832745129042831,100.009003,1600.151001,0.0,102409.640625,1.647,2788.0,1298.0,1.189,0.424,0.014,1.644,2781.0,1302.0,1.19,0.419,0.005,3.0
1256.755005,200.01877130122963,0.97113,0.9593320000000002,-0.368,-0.40060000000000007,-0.36062137450893295,-22.952689272940784,0.88337897757734,-0.3741115718584681,200.018997,3200.301025,0.0,204819.28125,1.647,2791.0,1296.0,1.189,0.424,0.005,1.644,2766.0,1317.0,1.159,0.412,0.003,3.0
1886.269043,300.2090421946689,0.941528,0.9339476,-0.546,-0.5390000000000001,-0.5935497916559915,-30.88242515755138,0.801534739926908,-0.4793747805590777,300.209015,4803.345215,0.0,307414.09375,1.647,2791.0,1295.0,1.201,0.424,0.004,1.644,2746.0,1336.0,1.132,0.399,0.003,3.0
2513.510986,400.03769793768373,0.904938,0.8990172000000001,-0.717,-0.7092,-0.9246399852768803,-40.634166830677984,0.6822489599373722,-0.5854641599280129,400.037994,6400.603027,0.0,409638.5625,1.647,2787.0,1302.0,1.19,0.424,0.012,1.644,2715.0,1365.0,1.079,0.384,0.004,3.0
3141.888916,500.0471516270367,0.86261,0.8576720000000001,-0.878,-0.8742000000000001,-1.3335753578263818,-50.08797045033657,0.5502915218101913,-0.6578605479946521,500.046997,8000.75293,0.0,512048.1875,1.647,2783.0,1307.0,1.188,0.424,0.003,1.644,2686.0,1397.0,1.038,0.365,0.004,3.0
3765.729004,599.3343853311197,0.81488,0.8119202000000001,-1.037,-1.0326000000000002,-1.8097330704160488,-59.163621925208815,0.41618065704562635,-0.6971427915923042,599.333984,9589.350586,0.0,613718.4375,1.647,2791.0,1296.0,1.202,0.424,0.003,1.644,2643.0,1439.0,0.969,0.345,0.005,3.0
4401.294922,700.487842841558,0.764404,0.7631652,-1.193,-1.1842000000000001,-2.347628829825251,-67.84966209939209,0.2877423804841776,-0.7068418811617905,700.487976,11207.805664,0.0,717299.5625,1.647,2790.0,1296.0,1.199,0.424,0.014,1.644,2614.0,1468.0,0.92,0.324,0.003,3.0
5014.937988,798.152170089524,0.712769,0.7131286000000001,-1.338,-1.3306,-2.9366429167278794,-76.23776422010734,0.1696485313222287,-0.6926555969297953,798.151978,12770.432617,0.0,817307.6875,1.647,2780.0,1307.0,1.184,0.424,0.03,1.644,2574.0,1508.0,0.858,0.302,0.003,3.0
5669.060059,902.2589310746819,0.661163,0.6631408000000001,-1.475,-1.4702000000000002,-3.567885022524122,-84.23625504013364,0.06659707301924542,-0.6597882618612652,902.258972,14436.141602,0.0,923913.0625,1.647,2790.0,1299.0,1.198,0.424,0.004,1.644,2536.0,1547.0,0.796,0.28,0.005,3.0
6283.186035,1000.0001158362165,0.612427,0.6141174,-1.61,-1.6022,-4.2349719485647315,-91.79929793586051,-0.019282372425114935,-0.6138146064541143,1000.0,16000.0,0.0,1000000.0,1.647,2788.0,1300.0,1.196,0.424,0.003,1.644,2497.0,1588.0,0.732,0.259,0.001,3.0
6912.195801,1100.110129348193,0.564941,0.5670164,-1.735,-1.7266000000000004,-4.9280875936938955,-98.92689290728796,-0.0879862526052955,-0.5601482100493022,1100.109985,17601.988281,0.0,1000000.0,1.647,2788.0,1298.0,1.192,0.424,0.031,1.644,2465.0,1618.0,0.68,0.239,0.006,3.0
7542.839844,1200.4802461231006,0.519287,0.5223570000000001,-1.853,-1.8460000000000003,-5.640651620545645,-105.76800898114999,-0.1419468329413256,-0.5027006386179825,1200.47998,19206.869141,0.0,1000000.0,1.647,2787.0,1302.0,1.192,0.424,0.012,1.645,2433.0,1645.0,0.633,0.22,0.004,3.0
8170.592773,1300.3902278138664,0.477264,0.48029160000000004,-1.96,-1.9570000000000003,-6.369900176675225,-112.12784050710212,-0.18091356315450977,-0.4449160636539203,1300.390015,20805.287109,0.0,1000000.0,1.648,2787.0,1300.0,1.191,0.424,0.019,1.645,2397.0,1689.0,0.569,0.202,0.004,3.0
8799.978516,1400.5600799238814,0.437866,0.440985,-2.072,-2.0620000000000003,-7.111523654090869,-118.14389735597577,-0.2080071507324013,-0.3888454647661306,1400.560059,22409.701172,0.0,1000000.0,1.647,2792.0,1296.0,1.197,0.424,0.005,1.644,2369.0,1707.0,0.529,0.186,0.003,3.0
9420.068359,1499.250443598409,0.4021,0.40455320000000006,-2.165,-2.1612000000000005,-7.860487184509273,-123.82763868367354,-0.2252133125003846,-0.33606882554447703,1499.25,23987.582031,0.0,1000000.0,1.648,2787.0,1296.0,1.2,0.424,0.02,1.645,2345.0,1743.0,0.484,0.17,0.003,3.0
10053.09668,1600.000030002722,0.368408,0.37108160000000007,-2.26,-2.2556000000000003,-8.610611590285464,-129.2363602697085,-0.23471688991301043,-0.28741874581892496,1600.0,25598.554688,0.0,1000000.0,1.647,2790.0,1296.0,1.198,0.424,0.023,1.644,2320.0,1766.0,0.442,0.156,0.004,3.0
10685.689453,1700.6802967898814,0.337128,0.3401368,-2.349,-2.3438000000000003,-9.366927568793926,-134.28984802276236,-0.23751360367112562,-0.2434755239965518,1700.680054,27208.707031,0.0,1000000.0,1.647,2793.0,1297.0,1.201,0.424,0.014,1.643,2304.0,1787.0,0.408,0.143,0.003,3.0
11300.693359,1798.5612084506047,0.309906,0.31182859999999996,-2.432,-2.4278,-10.121681102214588,-139.10269350186127,-0.23570632681890244,-0.20415583086334008,1798.561035,28774.542969,0.0,1000000.0,1.647,2792.0,1297.0,1.192,0.424,0.011,1.644,2273.0,1802.0,0.375,0.131,0.007,3.0
11945.21875,1901.1406103764912,0.283142,0.28606580000000004,-2.513,-2.507,-10.870681205243766,-143.6405192392974,-0.2303725815161342,-0.16959397281516853,1901.140991,30416.890625,0.0,1000000.0,1.647,2790.0,1296.0,1.203,0.423,0.039,1.643,2272.0,1829.0,0.341,0.12,0.004,3.0
12566.371094,2000.0000763372086,0.260559,0.26267100000000004,-2.585,-2.5832000000000006,-11.611757450650508,-148.0064576381943,-0.22277332824321505,-0.13916931581509187,2000.0,31996.988281,0.0,1000000.0,1.647,2790.0,1298.0,1.202,0.424,0.017,1.643,2240.0,1845.0,0.314,0.11,0.002,3.0
13199.969727,2100.8404307154265,0.239594,0.24126599999999998,-2.656,-2.6550000000000002,-12.350077519783124,-152.12029460723357,-0.21326257360895828,-0.11282002239710663,2100.840088,33610.121094,0.0,1000000.0,1.647,2789.0,1290.0,1.201,0.424,0.015,1.643,2240.0,1862.0,0.287,0.102,0.004,3.0
13824.390625,2200.2201032020066,0.220154,0.2220216,-2.73,-2.722,-13.072095438511788,-155.95911183461007,-0.20276232838395336,-0.09044904120485672,2200.219971,35203.976563,0.0,1000000.0,1.647,2792.0,1298.0,1.202,0.424,0.024,1.643,2206.0,1871.0,0.268,0.093,0.006,3.0
14444.103516,2298.8504731024254,0.202881,0.20446180000000003,-2.791,-2.7864,-13.787756403390777,-159.64896003525257,-0.1916991936213426,-0.07110588459591094,2298.851074,36780.613281,0.0,1000000.0,1.647,2788.0,1300.0,1.198,0.424,0.029,1.643,2198.0,1881.0,0.251,0.086,0.003,3.0
15085.679688,2400.9604922462013,0.18692,0.18852539999999998,-2.848,-2.848,-14.492602581662538,-163.17838005325845,-0.18045846719799394,-0.054557933077697685,2400.960938,38418.078125,0.0,1000000.0,1.647,2791.0,1297.0,1.198,0.424,0.038,1.643,2184.0,1897.0,0.229,0.079,0.006,3.0
15707.963867,2500.0000953419335,0.17276,0.1740112,-2.907,-2.9064,-15.188455960594172,-166.52445357682248,-0.16922057861120998,-0.04054988902484571,2500.0,40000.0,0.0,1000000.0,1.647,2783.0,1305.0,1.189,0.423,0.008,1.643,2173.0,1910.0,0.21,0.073,0.009,3.0
16341.18457,2600.780300292508,0.159912,0.16083979999999998,-2.964,-2.9606000000000003,-15.872129512047836,-169.62988482643155,-0.1582125612813184,-0.028952145289167636,2600.780029,41615.667969,0.0,1000000.0,1.648,2790.0,1298.0,1.198,0.424,0.077,1.644,2162.0,1911.0,0.197,0.068,0.008,3.0
16958.666016,2699.0555246909394,0.147583,0.1489258,-3.022,-3.0148,-16.540601165572472,-172.7353160760406,-0.14773030923167021,-0.018832143796049756,2699.055908,43180.085938,0.0,1000000.0,1.647,2789.0,1296.0,1.201,0.424,0.026,1.643,2160.0,1926.0,0.181,0.063,0.007,3.0
17599.957031,2801.1201596886085,0.137024,0.13797600000000002,-3.062,-3.0682,-17.203928992848383,-175.79491070203918,-0.13760456417991118,-0.010117336253021554,2801.120117,44819.402344,0.0,1000000.0,1.647,2816.0,1296.0,1.204,0.424,0.057,1.643,2147.0,1934.0,0.168,0.058,0.015,3.0
18212.132813,2898.550961435055,0.12735,0.12819200000000003,-3.119,-3.1172000000000004,-17.84278153445073,-178.60240389818023,-0.12815386467164347,-0.0031266329688813977,2898.551025,46372.066406,0.0,1000000.0,1.647,2816.0,1297.0,1.202,0.424,0.034,1.643,2136.0,1935.0,0.154,0.054,0.003,3.0
18849.556641,3000.0001145058127,0.118011,0.11915880000000001,-3.174,-3.1642000000000006,-18.477477580775066,-181.2953055352951,-0.11912835073553757,0.002693634806492173,3000.0,47995.484375,0.0,1000000.0,1.647,2791.0,1296.0,1.204,0.424,0.039,1.643,2130.0,1949.0,0.145,0.05,0.005,3.0
19472.681641,3099.17353841995,0.110992,0.11082140000000001,-3.209,-3.2114000000000007,-19.107527354514147,-183.9996663283126,-0.11055148965752569,0.007729866264172528,3099.174072,49591.597656,0.0,1000000.0,1.647,2787.0,1300.0,1.192,0.423,0.028,1.643,2128.0,1955.0,0.136,0.047,0.003,3.0
20095.476563,3198.2944287887817,0.102417,0.10317980000000002,-3.257,-3.2558000000000007,-19.728106365652845,-186.54359893869346,-0.1025076276199516,0.011758291022480272,3198.293945,51173.992188,0.0,1000000.0,1.648,2790.0,1291.0,1.202,0.424,0.035,1.643,2119.0,1951.0,0.127,0.044,0.014,3.0
20736.585938,3300.330154882587,0.095337,0.0962402,-3.298,-3.2966000000000006,-20.332869662905768,-188.88126674282722,-0.09508631817163721,0.014858270175298843,3300.330078,52811.433594,0.0,1000000.0,1.648,2791.0,1300.0,1.199,0.424,0.035,1.644,2115.0,1963.0,0.119,0.041,0.006,3.0
21371.378906,3401.3605935797627,0.089142,0.0898072,-3.341,-3.3400000000000003,-20.933776875802902,-191.36790357369497,-0.0880453395518453,0.017701733108378522,3401.361084,54417.414063,0.0,1000000.0,1.647,2792.0,1297.0,1.203,0.424,0.101,1.643,2112.0,1969.0,0.113,0.038,0.012,3.0
21994.814453,3500.583442584012,0.083313,0.08402100000000001,-3.378,-3.3816000000000006,-21.512243077741672,-193.75140800143922,-0.0816126412602445,0.019972611935514036,3500.583984,56013.179688,0.0,1000000.0,1.648,2789.0,1301.0,1.198,0.424,0.038,1.644,2107.0,1975.0,0.105,0.035,0.01,3.0
22628.519531,3601.4407382101476,0.078827,0.0787476,-3.426,-3.4242000000000004,-22.075253467628105,-196.1922082086965,-0.07562381007993584,0.021959595960622677,3601.440918,57627.117188,0.0,1000000.0,1.647,2790.0,1297.0,1.2,0.424,0.092,1.642,2099.0,1971.0,0.101,0.034,0.014,3.0
23242.363281,3699.137005308713,0.073486,0.07398080000000001,-3.465,-3.4686000000000003,-22.617619534025092,-198.73614081907738,-0.07006039866371216,0.023763402696619862,3699.136963,59192.199219,0.0,1000000.0,1.647,2800.0,1297.0,1.203,0.424,0.233,1.642,2112.0,1977.0,0.092,0.031,0.025,3.0
23890.4375,3802.2812207529823,0.06897,0.0696168,-3.511,-3.5088000000000004,-23.145718866734693,-201.03943115550328,-0.06497569684908915,0.02499315228648173,3802.281006,60844.667969,0.0,1000000.0,1.647,2789.0,1299.0,1.199,0.424,0.082,1.643,2112.0,1971.0,0.103,0.03,0.005,3.0
24511.777344,3901.1705282655294,0.065308,0.06543580000000002,-3.563,-3.5492000000000004,-23.683691673091843,-203.3541806478318,-0.06007477124844727,0.025939656533707917,3901.170898,62408.222656,0.0,1000000.0,1.647,2789.0,1297.0,1.19,0.424,0.087,1.643,2112.0,1988.0,0.082,0.028,0.027,3.0
25132.742188,4000.000152674417,0.061493,0.06167000000000001,-3.579,-3.5876,-24.198521031473902,-205.55433858113415,-0.05563723013930919,0.0266023969300803,4000.0,64006.023438,0.0,1000000.0,1.647,2792.0,1295.0,1.204,0.424,0.045,1.642,2112.0,1989.0,0.079,0.026,0.008,3.0
25750.761719,4098.361015960401,0.057922,0.05825200000000001,-3.628,-3.6228000000000007,-24.69378318318814,-207.5711500199947,-0.05163671350304859,0.026961923570177276,4098.36084,65561.125,0.0,1000000.0,1.647,2792.0,1298.0,1.198,0.424,0.046,1.643,2088.0,1989.0,0.077,0.025,0.015,3.0
26399.939453,4201.680861271698,0.054657,0.0549134,-3.657,-3.6524000000000005,-25.206433316478957,-209.2671050935819,-0.04790370971279932,0.026846156062122862,4201.681152,67220.242188,0.0,1000000.0,1.647,2789.0,1300.0,1.197,0.423,0.019,1.642,2096.0,1994.0,0.07,0.023,0.008,3.0
27024.453125,4301.075299198968,0.05188,0.0518494,-3.687,-3.693,-25.705125297821596,-211.59331374181303,-0.04416470066992917,0.027163201120183857,4301.075195,68825.914063,0.0,1000000.0,1.647,2791.0,1297.0,1.201,0.424,0.087,1.642,2082.0,1988.0,0.07,0.022,0.01,3.0
27648.78125,4400.440206404013,0.048615,0.04900519999999999,-3.711,-3.7252000000000005,-26.195156680456442,-213.4382378421343,-0.04089387397820455,0.027003716375616223,4400.439941,70393.375,0.0,1000000.0,1.648,2791.0,1300.0,1.201,0.424,0.02,1.644,2081.0,1987.0,0.064,0.021,0.006,3.0
28270.800781,4499.437689462366,0.046173,0.04646,-3.782,-3.7578000000000005,-26.658415890715666,-215.3060802542608,-0.037914903177589186,0.026851288926866012,4499.437988,72003.390625,0.0,1000000.0,1.647,2791.0,1296.0,1.203,0.424,0.104,1.642,2080.0,1999.0,0.063,0.02,0.006,3.0
28888.207031,4597.700946045697,0.043701,0.043975799999999995,-3.789,-3.7950000000000004,-27.1357250237999,-217.43748325214744,-0.03491753725418003,0.026732687439592548,4597.701172,73561.226563,0.0,1000000.0,1.648,2792.0,1297.0,1.203,0.424,0.059,1.644,2080.0,2003.0,0.06,0.019,0.009,3.0
29533.1875,4700.352775884775,0.041931,0.0417236,-3.82,-3.8407999999999998,-27.59236453574254,-220.06162995384656,-0.03193326525813238,0.026853777516650346,4700.353027,75221.242188,0.0,1000000.0,1.648,2789.0,1300.0,1.198,0.424,0.211,1.642,2112.0,2002.0,0.055,0.018,0.031,3.0
30171.359375,4801.920984333248,0.039459,0.039715600000000004,-3.873,-3.8788000000000005,-28.020777439972374,-222.23886957534373,-0.02940339398998654,0.02669773970263445,4801.920898,76818.796875,0.0,1000000.0,1.647,2792.0,1298.0,1.202,0.424,0.062,1.642,2080.0,2005.0,0.06,0.017,0.017,3.0
30799.929688,4901.961056728018,0.037354,0.0377748,-3.94,-3.9170000000000003,-28.45595652740353,-224.42756835274346,-0.026976342607000343,0.026442625712847386,4901.960938,78413.28125,0.0,1000000.0,1.647,2784.0,1303.0,1.188,0.424,0.317,1.642,2112.0,1995.0,0.059,0.016,0.051,3.0
31415.927734,5000.000190683867,0.036133,0.035943800000000005,-3.972,-3.9620000000000006,-28.887520218557704,-227.0058784308322,-0.024510915467729096,0.02629014608886453,5000.0,80000.0,0.0,1000000.0,1.647,2782.0,1306.0,1.189,0.423,0.127,1.642,2068.0,2008.0,0.048,0.016,0.021,3.0
32057.070313,5102.041201358403,0.033997,0.0341312,-3.98,-3.999,-29.336968846664725,-229.1258222728162,-0.02233546057062322,0.02580825477513223,5102.041016,81613.054688,0.0,1000000.0,1.648,2787.0,1303.0,1.189,0.424,0.056,1.644,2112.0,2011.0,0.056,0.015,0.031,3.0
32656.890625,5197.505568980126,0.032776,0.032471,-4.045,-4.037000000000001,-29.770086726528685,-231.30306189431337,-0.020300900019360895,0.025342440675750096,5197.505859,83170.257813,0.0,1000000.0,1.647,2793.0,1294.0,1.203,0.424,0.254,1.642,2112.0,2001.0,0.06,0.014,0.009,3.0
33314.875,5302.227034738607,0.030396,0.030878,-4.058,-4.0716,-30.2070167425634,-233.285495865466,-0.018459735863134197,0.024752556148069177,5302.227051,84830.335938,0.0,1000000.0,1.647,2785.0,1303.0,1.19,0.424,0.112,1.642,2080.0,2010.0,0.047,0.013,0.026,3.0
33926.488281,5399.568311670409,0.029053,0.029467999999999998,-4.13,-4.117,-30.61298677634307,-235.88672425535992,-0.016526563358381978,0.02439745330073174,5399.567871,86382.117188,0.0,1000000.0,1.647,2792.0,1297.0,1.204,0.424,0.11,1.642,2080.0,2009.0,0.055,0.013,0.033,3.0
34560.976563,5500.550258084593,0.028168,0.0280276,-4.145,-4.159,-31.048281784631303,-238.29314699490936,-0.014730561325881771,0.02384443173540599,5500.550781,87991.71875,0.0,1000000.0,1.648,2792.0,1296.0,1.204,0.424,0.16,1.642,2080.0,2007.0,0.053,0.012,0.012,3.0
35180.210938,5599.104469798263,0.026947,0.0268374,-4.207,-4.2004,-31.42519121592366,-240.665192266751,-0.013147968383258513,0.02339608869347256,5599.104004,89567.96875,0.0,1000000.0,1.647,2816.0,1302.0,1.189,0.424,0.201,1.642,2080.0,2006.0,0.048,0.012,0.029,3.0
35822.039063,5701.254588507416,0.025574,0.025458,-4.255,-4.235799999999999,-31.88351435699481,-242.69346286151406,-0.011678881377513415,0.022621085158983208,5701.254883,91201.71875,0.0,1000000.0,1.647,2816.0,1304.0,1.193,0.424,0.184,1.642,2080.0,2001.0,0.049,0.011,0.024,3.0
36445.390625,5800.4640708837715,0.024445,0.0242434,-4.265,-4.2648,-32.3081294576966,-244.3550404673935,-0.01049238051606104,0.02185526011435651,5800.463867,92794.757813,0.0,1000000.0,1.648,2784.0,1303.0,1.191,0.424,0.154,1.642,2080.0,2014.0,0.04,0.011,0.015,3.0
37068.941406,5899.705259948732,0.022156,0.0231936,-4.307,-4.2876,-32.692636740226746,-245.6613842402918,-0.009558744169540502,0.021132285509647922,5899.705078,94392.007813,0.0,1000000.0,1.647,2789.0,1301.0,1.199,0.424,0.272,1.641,2064.0,2009.0,0.035,0.01,0.025,3.0
37699.113281,6000.00022885247,0.022095,0.021850799999999997,-4.29,-4.3012,-33.21065316085032,-246.44060684166968,-0.00873375349906704,0.02002945357361339,6000.0,95990.96875,0.0,1000000.0,1.648,2788.0,1299.0,1.198,0.424,0.183,1.643,2080.0,2015.0,0.039,0.01,0.054,3.0
38312.105469,6097.560965649388,0.021698,0.0202822,-4.321,-4.320600000000001,-33.85769878160654,-247.55214496422352,-0.007744604939780774,0.018745365591706212,6097.561035,97532.992188,0.0,1000000.0,1.648,2792.0,1297.0,1.199,0.424,0.385,1.643,2080.0,2005.0,0.046,0.01,0.011,3.0
38945.363281,6198.347076680745,0.01886,0.0190066,-4.323,-4.339,-34.421911301093736,-248.6063873072642,-0.006933094281219435,0.01769697847791318,6198.347168,99183.195313,0.0,1000000.0,1.648,2792.0,1296.0,1.205,0.424,0.49,1.641,2080.0,2013.0,0.053,0.009,0.054,3.0
39599.910156,6302.521447322348,0.016602,0.017682,-4.362,-4.3722,-35.04937227532862,-250.50860718709856,-0.005899868920866797,0.01666867333402962,6302.520996,100830.367188,0.0,1000000.0,1.647,2790.0,1298.0,1.201,0.424,0.112,1.64,2064.0,2005.0,0.036,0.008,0.043,3.0
40190.953125,6396.588857418408,0.015778,0.016217199999999998,-4.399,-4.3948,-35.800482545678975,-251.8034918040942,-0.005064258942766066,0.015406195416150409,6396.588867,102347.984375,0.0,1000000.0,1.647,2791.0,1296.0,1.199,0.424,0.799,1.64,2058.0,2011.0,0.035,0.007,0.055,3.0
40844.109375,6500.541903217274,0.015472,0.015417600000000002,-4.456,-4.4274000000000004,-36.23966452035538,-253.6713342162207,-0.004334610078130834,0.014795727262644668,6500.541992,104039.171875,0.0,1000000.0,1.647,2789.0,1299.0,1.2,0.424,0.695,1.64,2064.0,2008.0,0.039,0.007,0.052,3.0
41473.171875,6600.66030960602,0.014374,0.014514200000000001,-4.434,-4.444,-36.764137936102436,-254.62244415613785,-0.003848852876205994,0.01399458227948662,6600.660156,105590.0625,0.0,1000000.0,1.647,2792.0,1297.0,1.202,0.424,0.456,1.639,2056.0,2012.0,0.031,0.007,0.09,3.0
42074.902344,6696.428688156374,0.014862,0.0138428,-4.486,-4.453200000000001,-37.17552111440942,-255.14956532765825,-0.0035478640446136613,0.013380424976843509,6696.429199,107120.351563,0.0,1000000.0,1.648,2793.0,1297.0,1.204,0.424,0.537,1.642,2080.0,2010.0,0.044,0.007,0.026,3.0
42742.757813,6802.72118731868,0.012085,0.013006799999999999,-4.445,-4.459600000000001,-37.71659075329381,-255.51625831654198,-0.0032530692425579424,0.012593426330555296,6802.721191,108834.828125,0.0,1000000.0,1.647,2791.0,1297.0,1.198,0.424,0.655,1.639,2080.0,2010.0,0.037,0.006,0.075,3.0
43375.046875,6903.353116998918,0.012421,0.0121584,-4.445,-4.469400000000001,-38.302471456677296,-256.0777569557702,-0.0029253702567644513,0.011801224488197735,6903.353027,110461.335938,0.0,1000000.0,1.648,2816.0,1299.0,1.21,0.424,1.275,1.641,2080.0,2006.0,0.047,0.006,0.142,3.0
43982.296875,6999.999956191471,0.011292,0.01131,-4.488,-4.4836,-38.93074790149089,-256.8913570248559,-0.0025650879535675736,0.011015281375909675,7000.0,111989.460938,0.0,1000000.0,1.647,2816.0,1302.0,1.195,0.424,0.644,1.639,2080.0,2018.0,0.048,0.006,0.049,3.0
44606.792969,7099.391596493153,0.010132,0.010840000000000002,-4.483,-4.5056,-39.299414355952635,-258.1518641741437,-0.0022256509585954092,0.010609056405284279,7099.39209,113560.453125,0.0,1000000.0,1.648,2789.0,1299.0,1.201,0.424,0.558,1.639,2064.0,2014.0,0.03,0.005,0.026,3.0
45249.277344,7201.64616063371,0.01062,0.010107600000000003,-4.557,-4.5392,-39.90703906521674,-260.0770023657833,-0.001741787055267335,0.009956392700878327,7201.645996,115254.234375,0.0,1000000.0,1.648,2792.0,1297.0,1.202,0.424,0.785,1.641,2055.0,2017.0,0.027,0.006,0.097,3.0
45862.667969,7299.270310648687,0.009735,0.009570400000000003,-4.555,-4.5642000000000005,-40.38139820546125,-261.5093968536104,-0.001413042806638912,0.00946550929356715,7299.27002,116758.242188,0.0,1000000.0,1.647,2792.0,1299.0,1.193,0.424,0.197,1.639,2056.0,2009.0,0.025,0.005,0.066,3.0
46492.914063,7399.577091873145,0.008759,0.009210200000000002,-4.613,-4.6062,-40.71461877944348,-263.9158195931598,-0.0009761847380618911,0.009158321210635444,7399.577148,118384.398438,0.0,1000000.0,1.648,2790.0,1298.0,1.202,0.424,0.56,1.639,2055.0,2019.0,0.026,0.005,0.102,3.0
47140.726563,7502.679653444863,0.008606,0.008685400000000001,-4.613,-4.635,-41.224203512576054,-265.56593804313655,-0.000671483523067011,0.008659404311974903,7502.680176,120056.492188,0.0,1000000.0,1.647,2816.0,1297.0,1.204,0.424,0.552,1.638,2064.0,2012.0,0.026,0.004,0.037,3.0
47754.9375,7600.434360169519,0.008331,0.0082398,-4.693,-4.6692,-41.68166659118028,-267.52545370248396,-0.0003557579379972354,0.008232116394315132,7600.434082,121602.289063,0.0,1000000.0,1.647,2800.0,1297.0,1.192,0.424,0.422,1.639,2050.0,2010.0,0.024,0.004,0.106,3.0
48385.367188,7700.7703612866,0.007996,0.008007799999999999,-4.701,-4.702400000000001,-41.929735643594356,-269.42767358231833,-7.99884269050997e-05,0.008007400495264442,7700.77002,123188.40625,0.0,1000000.0,1.647,2790.0,1298.0,1.202,0.424,0.427,1.638,2051.0,2013.0,0.023,0.004,0.043,3.0
49032.664063,7803.790858590786,0.007507,0.0078492,-4.726,-4.7468,-42.10349209640819,-271.9716061926992,0.0002700456734651253,0.007844553267984274,7803.791016,124816.445313,0.0,1000000.0,1.647,2816.0,1299.0,1.197,0.424,0.472,1.639,2048.0,2011.0,0.022,0.004,0.03,3.0
49620.414063,7897.3341763930475,0.007599,0.007605199999999999,-4.779,-4.7662,-42.37778720946024,-273.083144315253,0.0004090460922640188,0.007594191749910158,7897.334961,126394.054688,0.0,1000000.0,1.648,2800.0,1296.0,1.197,0.424,0.256,1.638,2048.0,2020.0,0.019,0.004,0.067,3.0
50265.484375,8000.000305189679,0.007813,0.007446399999999998,-4.835,-4.7948,-42.56107276786729,-274.72180360932714,0.0006129710264040429,0.007421127911631031,8000.0,128012.046875,0.0,1000000.0,1.648,2791.0,1294.0,1.205,0.424,0.304,1.639,2056.0,2017.0,0.03,0.005,0.127,3.0
50875.996094,8097.16626308406,0.007111,0.007324399999999997,-4.79,-4.856000000000001,-42.70455892080623,-278.2283053155278,0.0010482526477083834,0.007249000051494849,8097.166016,129573.171875,0.0,1000000.0,1.647,2794.0,1298.0,1.2,0.424,0.484,1.639,2052.0,2018.0,0.023,0.004,0.076,3.0
51501.523438,8196.722031920803,0.007202,0.007135199999999999,-4.844,-4.886600000000001,-42.93187698166912,-279.9815561686282,0.0012367524468844112,0.007027198760895084,8196.72168,131172.84375,0.0,1000000.0,1.647,2816.0,1294.0,1.205,0.424,0.991,1.639,2049.0,2009.0,0.024,0.004,0.098,3.0
52142.617188,8298.755271218623,0.006897,0.007019199999999998,-5.032,-4.9614,-43.0742476587826,-284.2672804762067,0.0017298509768617354,0.006802704185678697,8298.754883,132812.5,0.0,1000000.0,1.647,2789.0,1296.0,1.202,0.424,1.53,1.638,2052.0,2017.0,0.021,0.003,0.13,3.0
52799.878906,8403.361722543395,0.006653,0.006933599999999998,-4.932,-4.9964,-43.18082432888394,-286.27263275916454,0.0019428517655148744,0.006655834731815064,8403.361328,134493.65625,0.0,1000000.0,1.647,2792.0,1295.0,1.202,0.424,0.607,1.638,2048.0,2007.0,0.021,0.003,0.059,3.0
53417.089844,8501.59389425648,0.007233,0.006811599999999999,-5.209,-5.050600000000001,-43.33501726378741,-289.37806400877366,0.0022600888103981504,0.0064257212147052455,8501.59375,136000.0,0.0,1000000.0,1.647,2816.0,1301.0,1.198,0.424,4.386,1.639,2049.0,2017.0,0.019,0.003,0.476,3.0
54048.90625,8602.150598397937,0.006683,0.006683400000000001,-4.965,-5.0732,-43.5000509134107,-290.6729486257692,0.0023594617414709326,0.006253061318309214,8602.150391,137651.828125,0.0,1000000.0,1.648,2816.0,1297.0,1.204,0.424,0.676,1.64,2045.0,2013.0,0.022,0.003,0.083,3.0
54636.398438,8695.65288414601,0.006592,0.0065858,-5.115,-5.1108,-43.627829244772684,-292.8272699354612,0.0025549894517197438,0.006069990983650704,8695.652344,139116.203125,0.0,1000000.0,1.648,2791.0,1298.0,1.183,0.424,0.745,1.639,2051.0,2014.0,0.023,0.004,0.128,3.0
55277.292969,8797.654416755222,0.006256,0.0063538000000000015,-5.145,-5.0918,-43.939329193587575,-291.7386501247126,0.0023532787621477367,0.005901936420161135,8797.654297,140728.484375,0.0,1000000.0,1.647,2784.0,1304.0,1.189,0.424,0.287,1.638,2048.0,2018.0,0.019,0.003,0.089,3.0
55933.402344,8902.077466995406,0.006165,0.006244000000000001,-5.12,-5.1484,-44.0907421121924,-294.981591245153,0.0026370100954370983,0.00565983336826826,8902.077148,142378.5625,0.0,1000000.0,1.648,2816.0,1291.0,1.203,0.424,0.72,1.639,2049.0,2013.0,0.025,0.004,0.039,3.0
56548.667969,9000.00003252868,0.006073,0.0061402,-5.114,-5.1618,-44.23634965378326,-295.74935469062837,0.002667518480946032,0.0055304973730950615,9000.0,143945.8125,0.0,1000000.0,1.647,2816.0,1298.0,1.2,0.424,1.084,1.639,2052.0,2016.0,0.025,0.003,0.079,3.0
57177.625,9100.101653004733,0.006134,0.0061342,-5.248,-5.1768,-44.244841366938985,-296.60879138332456,0.0027474853627883614,0.00548449941391771,9100.101563,145547.9375,0.0,1000000.0,1.647,2792.0,1299.0,1.196,0.424,0.33,1.638,2049.0,2015.0,0.019,0.003,0.115,3.0
57820.726563,9202.454445666306,0.006073,0.0060608,-5.182,-5.209000000000001,-44.349400940256785,-298.4537154836459,0.0028876601662014573,0.00532866919638791,9202.454102,147186.140625,0.0,1000000.0,1.648,2800.0,1293.0,1.203,0.424,1.214,1.64,2051.0,2013.0,0.027,0.003,0.05,3.0
58418.046875,9297.5209259303,0.006226,0.0059936,-5.22,-5.255800000000001,-44.44624488609713,-301.13515796485814,0.0030990427613135,0.005130221722650046,9297.521484,148731.40625,0.0,1000000.0,1.648,2792.0,1298.0,1.203,0.424,0.965,1.64,2051.0,2013.0,0.027,0.003,0.056,3.0
59089.519531,9404.389118283743,0.005798,0.005908200000000001,-5.281,-5.2526,-44.57089623393764,-300.9518114704162,0.0030386875431913716,0.005066873321374198,9404.388672,150442.484375,0.0,1000000.0,1.647,2787.0,1302.0,1.193,0.424,0.54,1.638,2043.0,2015.0,0.022,0.003,0.1,3.0
59713.488281,9503.696829181114,0.005737,0.0058288,-5.348,-5.289600000000001,-44.68841692204318,-303.0717553124003,0.0031807116381951193,0.004884463421364738,9503.696289,152057.25,0.0,1000000.0,1.647,2816.0,1296.0,1.197,0.424,0.529,1.639,2049.0,2015.0,0.027,0.004,0.011,3.0
60286.429688,9594.883286207189,0.005707,0.005706600000000001,-5.232,-5.331600000000001,-44.87245135883661,-305.4781780519498,0.003312069812825391,0.004647093405018968,9594.882813,153568.203125,0.0,1000000.0,1.648,2786.0,1306.0,1.19,0.424,0.218,1.64,2048.0,2014.0,0.025,0.003,0.118,3.0
60936.0625,9698.275559431679,0.005676,0.005676199999999999,-5.367,-5.3596,-44.918846212965924,-307.08245987831606,0.0034225430808203154,0.00452829386192294,9698.275391,155109.484375,0.0,1000000.0,1.647,2791.0,1296.0,1.201,0.424,0.621,1.639,2051.0,2015.0,0.019,0.003,0.11,3.0
61599.859375,9803.922113296881,0.005615,0.0056152,-5.43,-5.3708,-45.012695411916866,-307.72417260886255,0.0034357207435254168,0.004441429275864826,9803.921875,156826.5625,0.0,1000000.0,1.647,2792.0,1297.0,1.203,0.424,0.789,1.639,2051.0,2016.0,0.02,0.003,0.079,3.0
62209.757813,9900.990464488606,0.005646,0.0056029999999999995,-5.421,-5.420800000000001,-45.03158755064863,-310.5889615845167,0.003645468272119425,0.004254899537823497,9900.990234,158434.296875,0.0,1000000.0,1.647,2790.0,1298.0,1.199,0.424,1.108,1.639,2048.0,2017.0,0.02,0.003,0.057,3.0
62831.855469,10000.000381526888,0.005432,0.0056214,-5.404,-5.470000000000001,-45.003110213329904,-313.40791393656036,0.0038629578464979145,0.004083833326199809,10000.0,159924.734375,0.0,1000000.0,1.648,2800.0,1300.0,1.202,0.424,1.0,1.64,2051.0,2014.0,0.027,0.003,0.056,3.0
63466.519531,10101.010304196969,0.005646,0.0057008,-5.482,-5.493200000000001,-44.881283899861195,-314.73717602126385,0.00401254087481729,0.004049522980292926,10101.009766,161596.953125,0.0,1000000.0,1.648,2816.0,1299.0,1.199,0.424,0.697,1.639,2052.0,2017.0,0.022,0.003,0.049,3.0
64114.140625,10204.08240255765,0.005768,0.005743400000000001,-5.613,-5.505800000000001,-44.816618723154946,-315.4591028431287,0.004093608151532152,0.004028525271325666,10204.082031,163304.515625,0.0,1000000.0,1.648,2781.0,1306.0,1.189,0.426,0.237,1.639,2050.0,2019.0,0.022,0.003,0.099,3.0
64708.398438,10298.66147096758,0.006012,0.005847200000000001,-5.546,-5.527800000000001,-44.66104102248167,-316.7196099924165,0.004256805117697777,0.004008660378473342,10298.661133,164728.6875,0.0,1000000.0,1.647,2789.0,1301.0,1.196,0.424,1.654,1.639,2050.0,2016.0,0.024,0.004,0.097,3.0
65313.78125,10395.011137960251,0.005859,0.005810600000000003,-5.484,-5.549,-44.71558040474016,-317.93428051809383,0.004313654806640205,0.0038930007152773406,10395.010742,166340.515625,0.0,1000000.0,1.647,2789.0,1297.0,1.201,0.424,1.024,1.639,2050.0,2011.0,0.025,0.004,0.07,3.0
65999.851563,10504.202619582806,0.005951,0.005761800000000002,-5.514,-5.570800000000001,-44.78883641505122,-319.1833285114791,0.004360558451327954,0.0037661477974918057,10504.202148,168150.34375,0.0,1000000.0,1.648,2790.0,1298.0,1.195,0.424,0.572,1.64,2049.0,2014.0,0.027,0.003,0.091,3.0
66629.75,10604.454069477213,0.005463,0.005670200000000001,-5.588,-5.590200000000001,-44.9280324469584,-320.29486663403287,0.004362324834811432,0.0036223321321473857,10604.454102,169660.671875,0.0,1000000.0,1.648,2790.0,1293.0,1.193,0.424,1.212,1.639,2052.0,2016.0,0.027,0.004,0.01,3.0
67199.84375,10695.18730781551,0.005524,0.005652000000000002,-5.722,-5.6088000000000005,-44.955956936469576,-321.36056813297614,0.004414725899669239,0.0035292066007517396,10695.188477,171198.390625,0.0,1000000.0,1.647,2788.0,1299.0,1.193,0.424,0.348,1.638,2048.0,2019.0,0.021,0.003,0.139,3.0
67826.335938,10794.896636344167,0.005554,0.005603200000000001,-5.643,-5.6488000000000005,-45.031277511932956,-323.6523993134995,0.004513019927083559,0.0033209187550656393,10794.896484,172764.234375,0.0,1000000.0,1.648,2800.0,1296.0,1.204,0.424,1.043,1.638,2052.0,2016.0,0.021,0.003,0.026,3.0
68498.554688,10901.883573245721,0.005768,0.005645799999999999,-5.577,-5.668200000000001,-44.96549021218026,-324.76393743605325,0.004611387386296838,0.003257324671183763,10901.882813,174358.96875,0.0,1000000.0,1.648,2816.0,1297.0,1.205,0.424,0.952,1.64,2045.0,2013.0,0.021,0.003,0.076,3.0
69115.039063,11000.00010886589,0.005707,0.005627400000000001,-5.714,-5.6892,-44.99384427513725,-325.96714880582795,0.004663521013844699,0.003149476545940439,11000.0,175983.4375,0.0,1000000.0,1.647,2790.0,1298.0,1.201,0.424,0.69,1.638,2043.0,2013.0,0.023,0.003,0.097,3.0
69742.726563,11099.899677207883,0.005676,0.0056458,-5.685,-5.6874,-44.965490212180256,-325.8640164027044,0.004673074232745601,0.0031681911014408712,11099.899414,177638.453125,0.0,1000000.0,1.647,2788.0,1299.0,1.197,0.424,1.998,1.639,2049.0,2018.0,0.023,0.003,0.157,3.0
70381.914063,11201.629527395435,0.005432,0.005584800000000001,-5.827,-5.7092,-45.05984750003328,-327.1130643960896,0.004689800591001245,0.0030324513939458905,11201.628906,179135.9375,0.0,1000000.0,1.647,2792.0,1299.0,1.2,0.424,0.99,1.639,2050.0,2015.0,0.022,0.003,0.246,3.0
71032.929688,11305.241882144244,0.005646,0.0055542000000000005,-5.634,-5.7258,-45.107569717741434,-328.0641743360067,0.004713522408675748,0.0029380000243212348,11305.241211,180851.0625,0.0,1000000.0,1.648,2790.0,1296.0,1.203,0.424,2.755,1.638,2051.0,2014.0,0.023,0.003,0.134,3.0
71621.804688,11398.964249257484,0.005463,0.005590800000000002,-5.686,-5.7444,-45.05052087008308,-329.1298758349501,0.004798765708554173,0.002868604593596787,11398.963867,182403.4375,0.0,1000000.0,1.647,2791.0,1292.0,1.202,0.424,0.234,1.639,2049.0,2016.0,0.022,0.003,0.01,3.0
72220.523438,11494.253297841784,0.005554,0.005615200000000002,-5.797,-5.7338,-45.01269541191686,-328.5225405721114,0.004788898911086064,0.002932050180232039,11494.25293,183982.6875,0.0,1000000.0,1.647,2790.0,1296.0,1.2,0.424,0.366,1.638,2048.0,2016.0,0.02,0.003,0.166,3.0
72906.171875,11603.377635813566,0.005859,0.005548000000000001,-5.778,-5.768599999999999,-45.11727095197506,-330.51643369916667,0.004829516790801563,0.002730580811359698,11603.375977,185589.515625,0.0,1000000.0,1.647,2784.0,1303.0,1.192,0.424,1.033,1.638,2049.0,2016.0,0.021,0.003,0.062,3.0
73526.640625,11702.128304410115,0.005554,0.0055358000000000004,-5.774,-5.791600000000001,-45.13639217328537,-331.83423662796764,0.0048802819164709835,0.002613030817990158,11702.12793,187224.671875,0.0,1000000.0,1.648,2791.0,1298.0,1.196,0.424,0.707,1.638,2042.0,2017.0,0.018,0.003,0.072,3.0
74137.882813,11799.410520056621,0.00531,0.0055602,-5.808,-5.817,-45.09819173190486,-333.28954942759987,0.0049668678279492446,0.0024992094789518457,11799.410156,188888.890625,0.0,1000000.0,1.647,2790.0,1297.0,1.198,0.424,0.735,1.638,2042.0,2015.0,0.018,0.003,0.037,3.0
74799.828125,11904.762388517927,0.005402,0.005481000000000001,-5.801,-5.830800000000001,-45.22280395855599,-334.08023118488046,0.00492964985082521,0.002395811626204987,11904.761719,190369.546875,0.0,1000000.0,1.647,2789.0,1297.0,1.199,0.424,0.704,1.639,2050.0,2017.0,0.022,0.003,0.065,3.0
75398.226563,12000.000457864096,0.005676,0.0055054,-5.924,-5.824000000000002,-45.184222429460235,-333.69061988419156,0.004935116982962162,0.0024400921139330887,12000.0,192090.390625,0.0,1000000.0,1.647,2789.0,1299.0,1.195,0.424,1.026,1.638,2050.0,2015.0,0.017,0.003,0.166,3.0
76006.28125,12096.775366970342,0.005463,0.0056213999999999995,-5.847,-5.854200000000001,-45.003110213329904,-335.42095242548663,0.0051120352630055306,0.0023382115878996,12096.774414,193621.875,0.0,1000000.0,1.647,2791.0,1294.0,1.203,0.424,0.514,1.639,2048.0,2016.0,0.022,0.004,0.013,3.0
76624.210938,12195.121931298776,0.005676,0.005584799999999998,-5.74,-5.884400000000001,-45.059847500033285,-337.1512849667817,0.005146579386331982,0.002168573646474267,12195.12207,195177.953125,0.0,1000000.0,1.648,2792.0,1299.0,1.195,0.421,1.26,1.64,2051.0,2011.0,0.032,0.003,0.042,3.0
77252.28125,12295.082426062843,0.00589,0.005633599999999998,-5.959,-5.856000000000002,-44.98427984547782,-335.52408482861017,0.005127339413327194,0.0023340607319736824,12295.082031,196759.265625,0.0,1000000.0,1.647,2792.0,1291.0,1.203,0.424,0.317,1.638,2048.0,2018.0,0.019,0.003,0.114,3.0
77890.726563,12396.694153520646,0.005219,0.005566399999999998,-5.952,-5.8894,-45.08851177192973,-337.43776386434706,0.005140366152427554,0.0021357539134874907,12396.694336,198366.390625,0.0,1000000.0,1.648,2784.0,1302.0,1.19,0.423,0.855,1.639,2048.0,2015.0,0.023,0.003,0.098,3.0
78539.820313,12500.0006323632,0.00592,0.0056273999999999985,-5.782,-5.906000000000001,-44.993844275137256,-338.3888738042642,0.005231821819712449,0.00207260010778266,12500.0,200000.0,0.0,1000000.0,1.647,2791.0,1297.0,1.202,0.424,0.507,1.638,2042.0,2014.0,0.019,0.003,0.168,3.0
79199.820313,12605.042894803852,0.005127,0.005584599999999998,-6.014,-5.9056,-45.06015856023845,-338.36595549245897,0.005191207296452054,0.002058913297169877,12605.041992,201660.734375,0.0,1000000.0,1.647,2792.0,1298.0,1.203,0.424,0.308,1.64,2048.0,2012.0,0.027,0.003,0.207,3.0
79767.0,12695.312345611215,0.005981,0.005669999999999998,-5.823,-5.893200000000001,-44.92833882214187,-337.6554878264968,0.00524426604167231,0.002155591260921844,12695.311523,203106.34375,0.0,1000000.0,1.648,2790.0,1297.0,1.198,0.424,0.739,1.639,2048.0,2015.0,0.022,0.003,0.154,3.0
80395.085938,12795.275327330426,0.005676,0.005639599999999999,-5.957,-5.913200000000001,-44.975033962720595,-338.80140341675843,0.005257983261756377,0.002039289135725916,12795.275391,204819.28125,0.0,1000000.0,1.647,2790.0,1296.0,1.202,0.424,0.336,1.638,2041.0,2011.0,0.018,0.003,0.097,3.0
81033.148438,12896.826128206998,0.005646,0.0057312,-5.89,-5.8794,-44.83508871662125,-336.86480606921623,0.005270298791591597,0.0022518001881490636,12896.825195,206310.671875,0.0,1000000.0,1.647,2816.0,1297.0,1.202,0.424,0.364,1.638,2048.0,2020.0,0.016,0.003,0.05,3.0
81681.414063,13000.000806862305,0.005768,0.005652000000000001,-5.882,-5.8738,-44.955956936469576,-336.5439497039429,0.005184950777168724,0.002249753194983275,13000.0,208078.34375,0.0,1000000.0,1.647,2782.0,1304.0,1.189,0.424,0.73,1.639,2050.0,2018.0,0.019,0.003,0.072,3.0
82340.132813,13104.83915203212,0.005585,0.005682600000000002,-5.845,-5.8660000000000005,-44.90905826008952,-336.09704262374095,0.005195220685874592,0.002302525740368772,13104.838867,209617.75,0.0,1000000.0,1.648,2816.0,1307.0,1.192,0.424,1.238,1.64,2051.0,2013.0,0.027,0.003,0.056,3.0
82925.289063,13197.969661700738,0.005585,0.005694800000000003,-5.795,-5.8831999999999995,-44.890430472686525,-337.0825300313659,0.005245290731755345,0.0022175825079039355,13197.969727,211180.125,0.0,1000000.0,1.647,2816.0,1298.0,1.202,0.424,0.248,1.638,2042.0,2014.0,0.019,0.003,0.159,3.0
83604.3125,13306.039598174535,0.005829,0.005682600000000003,-5.918,-5.8906,-44.90905826008952,-337.5065187997627,0.005250285215732676,0.0021740395381544737,13306.039063,212765.953125,0.0,1000000.0,1.648,2790.0,1297.0,1.198,0.424,0.954,1.64,2045.0,2013.0,0.02,0.003,0.038,3.0
84207.640625,13402.062251574649,0.005707,0.005731400000000002,-5.976,-5.8999999999999995,-44.83478561297499,-338.04509912718567,0.005315749877966367,0.00214283671680802,13402.061523,214375.78125,0.0,1000000.0,1.647,2791.0,1297.0,1.201,0.424,0.273,1.639,2049.0,2013.0,0.023,0.003,0.072,3.0
84819.742188,13499.481241000374,0.005707,0.005804600000000002,-5.919,-5.951,-44.72455405004353,-340.96718388235286,0.005487273846210592,0.0018929360519291823,13499.480469,216010.171875,0.0,1000000.0,1.648,2800.0,1295.0,1.204,0.424,1.116,1.64,2048.0,2012.0,0.024,0.003,0.124,3.0
85440.804688,13598.326407844384,0.005829,0.005786200000000002,-5.892,-5.964,-44.75213118080107,-341.712029016023,0.005493947012293395,0.0018156697568975752,13598.326172,217669.65625,0.0,1000000.0,1.647,2792.0,1297.0,1.198,0.424,1.14,1.639,2049.0,2011.0,0.022,0.003,0.024,3.0
86071.03125,13698.630080454495,0.005951,0.00578,-6.05,-5.9742,-44.76144323158942,-342.2964459670564,0.005506274345789447,0.001757652647396807,13698.629883,219072.171875,0.0,1000000.0,1.647,2787.0,1300.0,1.198,0.424,0.793,1.639,2051.0,2015.0,0.023,0.004,0.147,3.0
86750.09375,13806.706233997837,0.005737,0.0056946,-5.983,-5.9716000000000005,-44.8907355243886,-342.1474769403224,0.0054203979586055495,0.00174578209703983,13806.706055,220779.21875,0.0,1000000.0,1.648,2790.0,1297.0,1.198,0.424,0.4,1.638,2042.0,2015.0,0.019,0.003,0.06,3.0
87353.125,13902.68163827422,0.005676,0.005737199999999999,-6.027,-6.000000000000001,-44.82600020513172,-343.774677078494,0.00550868896857048,0.0016030625962668724,13902.681641,222513.09375,0.0,1000000.0,1.648,2790.0,1298.0,1.199,0.424,0.545,1.639,2051.0,2019.0,0.022,0.003,0.034,3.0
87964.59375,13999.999912382942,0.00528,0.005706599999999999,-5.906,-5.9874,-44.872451358836614,-343.0527502566291,0.005458782490429874,0.0016634233622791897,14000.0,223978.921875,0.0,1000000.0,1.648,2793.0,1294.0,1.204,0.424,0.777,1.64,2048.0,2017.0,0.025,0.003,0.126,3.0
88584.6875,14098.690897875833,0.006042,0.0057006,-6.034,-5.9888,-44.881588630495635,-343.13296434794745,0.005455364048706887,0.0016540385291994872,14098.69043,225464.1875,0.0,1000000.0,1.647,2791.0,1298.0,1.202,0.424,0.856,1.639,2053.0,2014.0,0.024,0.003,0.019,3.0
89213.585938,14198.783192986306,0.005798,0.005700599999999999,-5.987,-5.972600000000001,-44.881588630495635,-342.20477271983555,0.0054278539593354234,0.0017421945230446457,14198.783203,227272.734375,0.0,1000000.0,1.648,2788.0,1301.0,1.196,0.424,0.803,1.638,2042.0,2014.0,0.019,0.003,0.06,3.0
89851.476563,14300.306639107033,0.005707,0.005810400000000001,-5.99,-5.9982000000000015,-44.715879376933216,-343.67154467537046,0.0055760420687375025,0.001633555327397762,14300.306641,228802.15625,0.0,1000000.0,1.648,2792.0,1295.0,1.202,0.424,0.89,1.64,2051.0,2011.0,0.026,0.003,0.086,3.0
90498.554688,14403.29232126742,0.005676,0.005664000000000001,-5.946,-5.984800000000002,-44.93753510636574,-342.9037812298952,0.00541372153488447,0.0016650871276687443,14403.291992,230352.296875,0.0,1000000.0,1.647,2790.0,1298.0,1.199,0.424,0.471,1.639,2049.0,2015.0,0.026,0.003,0.091,3.0
91060.664063,14492.754806856965,0.005829,0.005615200000000001,-6.034,-5.991,-45.012695411916866,-343.2590150628762,0.005377209262851383,0.0016174336411442951,14492.753906,231923.609375,0.0,1000000.0,1.648,2790.0,1300.0,1.198,0.424,0.322,1.639,2052.0,2014.0,0.023,0.003,0.115,3.0
91725.335938,14598.540621297374,0.00531,0.0056274,-5.967,-5.9964,-44.993844275137256,-343.56841227224686,0.005397566692232976,0.0015918242876954646,14598.540039,233516.484375,0.0,1000000.0,1.648,2816.0,1292.0,1.201,0.424,1.253,1.639,2051.0,2021.0,0.022,0.003,0.059,3.0
92399.789063,14705.8831700249,0.005554,0.005609200000000002,-6.018,-6.0384,-45.02198149273941,-345.9748350117963,0.005441986257481449,0.0013593786129636866,14705.882813,235131.390625,0.0,1000000.0,1.648,2791.0,1298.0,1.199,0.424,0.141,1.64,2052.0,2019.0,0.023,0.003,0.136,3.0
92946.53125,14792.899891682822,0.005768,0.0056274,-6.017,-6.058000000000001,-44.993844275137256,-347.09783229025277,0.005485323609153553,0.0012565252336752479,14792.899414,236768.796875,0.0,1000000.0,1.647,2785.0,1304.0,1.188,0.424,0.277,1.639,2053.0,2007.0,0.032,0.004,0.07,3.0
93592.632813,14895.730149173673,0.005585,0.005810600000000001,-6.156,-6.077,-44.71558040474016,-348.1864521010013,0.0056875257231929445,0.0011895896384966464,14895.728516,238429.171875,0.0,1000000.0,1.647,2816.0,1302.0,1.195,0.424,0.641,1.638,2048.0,2017.0,0.022,0.003,0.108,3.0
94247.78125,15000.00026138115,0.00592,0.005792400000000001,-6.132,-6.0872,-44.74282910267366,-348.7708690520347,0.005681511880400098,0.0011279718581917555,15000.0,240112.984375,0.0,1000000.0,1.648,2792.0,1297.0,1.203,0.424,0.9,1.639,2050.0,2014.0,0.023,0.004,0.094,3.0
94912.171875,15105.741313493814,0.006226,0.005819796189663625,-6.062,-6.132200000000001,-44.70184448313387,-351.3491791301235,0.005753586437529716,0.0008753689479855714,15105.740234,241820.765625,0.0,1000000.0,1.648,2791.0,1298.0,1.202,0.425,1.72,1.64,2053.0,2012.0,0.031,0.003,0.061,3.0
95489.140625,15197.568742065867,0.005463,0.005880796189663624,-6.069,-6.1154,-44.611277433004076,-350.38661003430366,0.005798212383176049,0.0009820880734160895,15197.568359,243204.578125,0.0,1000000.0,1.648,2816.0,1298.0,1.202,0.423,0.551,1.64,2048.0,2013.0,0.023,0.003,0.176,3.0
96171.203125,15306.122360438483,0.007294,0.005923596189663625,-6.242,-6.1042000000000005,-44.54829109814908,-349.74489730375717,0.0058289658300551455,0.0010545848331200958,15306.12207,244956.765625,0.0,1000000.0,1.647,2791.0,1297.0,1.203,0.424,2.814,1.638,2042.0,2015.0,0.022,0.003,0.116,3.0
96763.640625,15400.411717036488,0.00589,0.005850196189663625,-6.072,-6.085400000000001,-44.656591387212394,-348.6677366489112,0.005736141732818823,0.0011495535996938438,15400.411133,246376.8125,0.0,1000000.0,1.647,2788.0,1298.0,1.198,0.424,0.713,1.638,2043.0,2014.0,0.02,0.003,0.054,3.0
97363.414063,15495.868624429408,0.006134,0.006008796189663625,-6.076,-6.078800000000001,-44.424250528507265,-348.2895845041249,0.005883728690056645,0.0012195771196281211,15495.868164,247813.40625,0.0,1000000.0,1.647,2790.0,1296.0,1.203,0.424,1.153,1.638,2042.0,2012.0,0.02,0.003,0.03,3.0
97970.664063,15592.515463621961,0.005859,0.0060424,-5.968,-6.057600000000001,-44.37581056621778,-347.0749139784475,0.005889305852301262,0.001351545166855371,15592.515625,249632.890625,0.0,1000000.0,1.647,2816.0,1299.0,1.22,0.424,0.982,1.639,2051.0,2018.0,0.024,0.003,0.095,3.0
98656.492188,15701.668399827158,0.006256,0.006024000000000002,-6.036,-6.081600000000001,-44.40230073614711,-348.4500126867615,0.005902016376503239,0.0012061420693631401,15701.667969,251107.828125,0.0,1000000.0,1.648,2816.0,1298.0,1.203,0.424,0.71,1.639,2050.0,2016.0,0.023,0.003,0.144,3.0
99240.828125,15794.668352626943,0.006073,0.005956800000000002,-6.136,-6.070600000000001,-44.49973962251366,-347.8197591121176,0.005822704771332536,0.0012568115952287116,15794.668945,252600.296875,0.0,1000000.0,1.647,2816.0,1296.0,1.206,0.424,0.574,1.639,2064.0,2015.0,0.027,0.003,0.048,3.0
99931.375,15904.572301219852,0.005798,0.005975200000000002,-6.192,-6.096000000000001,-44.47295107138659,-349.2750719117499,0.005870824753668313,0.0011119495275035717,15904.572266,254491.015625,0.0,1000000.0,1.648,2789.0,1296.0,1.195,0.424,0.253,1.639,2052.0,2015.0,0.023,0.004,0.201,3.0
100530.96875,16000.000610379358,0.005798,0.0059996000000000025,-6.021,-6.113800000000001,-44.437554070939164,-350.2949367870828,0.005913737179838109,0.0010113914809807497,16000.0,256024.09375,0.0,1000000.0,1.647,2791.0,1297.0,1.202,0.424,0.592,1.638,2043.0,2011.0,0.024,0.003,0.057,3.0
101137.789063,16096.57906276188,0.005951,0.006030200000000003,-6.095,-6.115000000000002,-44.3933656727659,-350.3636917224985,0.005945114830265982,0.0010094165121254525,16096.579102,257575.75,0.0,1000000.0,1.648,2816.0,1297.0,1.204,0.424,0.505,1.638,2044.0,2011.0,0.026,0.003,0.111,3.0
101751.992188,16194.33252616812,0.006378,0.0060364000000000025,-6.125,-6.0878000000000005,-44.38443979132538,-348.8052465197426,0.005921545037452351,0.001171934012401492,16194.332031,259146.34375,0.0,1000000.0,1.647,2792.0,1297.0,1.193,0.424,1.059,1.639,2052.0,2007.0,0.024,0.004,0.054,3.0
102373.695313,16293.279651647548,0.006226,0.006073000000000002,-6.142,-6.102200000000001,-44.33193437754873,-349.630305744731,0.0059738085742970315,0.0010931331655636887,16293.279297,260736.203125,0.0,1000000.0,1.647,2800.0,1297.0,1.203,0.424,0.369,1.639,2064.0,2019.0,0.034,0.004,0.021,3.0
103003.046875,16393.444063682455,0.005829,0.006048600000000002,-6.056,-6.0962000000000005,-44.3669026974764,-349.2865310676525,0.005943167599813595,0.001124420224171526,16393.443359,262345.6875,0.0,1000000.0,1.647,2790.0,1296.0,1.202,0.424,0.531,1.638,2056.0,2020.0,0.019,0.003,0.16,3.0
103640.171875,16494.845656799876,0.005981,0.0059813999999999996,-6.093,-6.091200000000001,-44.46394307235966,-349.0000521700871,0.00587150587427497,0.0011412995787060101,16494.845703,263975.15625,0.0,1000000.0,1.648,2793.0,1298.0,1.202,0.424,0.79,1.638,2052.0,2014.0,0.024,0.003,0.019,3.0
104285.234375,16597.510542278094,0.005829,0.0059445999999999995,-6.065,-6.0926,-44.51754725702753,-349.08026626140537,0.005836964257315147,0.0011261071968624596,16597.509766,265625.0,0.0,1000000.0,1.647,2790.0,1298.0,1.198,0.424,0.186,1.638,2043.0,2017.0,0.019,0.003,0.024,3.0
104925.492188,16699.41073807025,0.006042,0.0060177999999999985,-6.1,-6.1146,-44.411245000379154,-350.3407734106932,0.005932486381354482,0.0010097139075221204,16699.410156,267295.59375,0.0,1000000.0,1.648,2792.0,1294.0,1.201,0.424,0.537,1.638,2049.0,2012.0,0.023,0.003,0.038,3.0
105547.585938,16798.420033449325,0.006042,0.006029999999999998,-6.149,-6.1004000000000005,-44.39365375719697,-349.5271733416074,0.005929547585428682,0.0010960681694752623,16798.419922,268987.3125,0.0,1000000.0,1.647,2816.0,1298.0,1.223,0.424,0.781,1.639,2048.0,2013.0,0.022,0.004,0.09,3.0
106177.085938,16898.608070125672,0.006195,0.0060725999999999974,-6.166,-6.0882,-44.33250649516441,-348.8281648315478,0.005957527366015633,0.00117657912746011,16898.607422,270270.28125,0.0,1000000.0,1.647,2792.0,1296.0,1.203,0.424,2.071,1.639,2051.0,2012.0,0.023,0.004,0.122,3.0
106814.15625,17000.00095937757,0.006042,0.006042199999999997,-6.022,-6.092,-44.37609806897795,-349.0458887936975,0.005932109240082225,0.001148155391805066,17000.0,272000.0,0.0,1000000.0,1.647,2789.0,1297.0,1.2,0.424,0.89,1.639,2050.0,2014.0,0.022,0.003,0.185,3.0
107458.90625,17102.61610893607,0.00528,0.006048399999999997,-6.004,-6.099400000000001,-44.36718990553257,-349.4698775620944,0.005946538677605172,0.0011053598127965841,17102.615234,273752.0,0.0,1000000.0,1.647,2788.0,1300.0,1.191,0.423,3.006,1.639,2048.0,2019.0,0.02,0.003,0.141,3.0
108111.492188,17206.478386761028,0.00589,0.006011799999999999,-6.119,-6.145400000000001,-44.41990951826004,-352.10548341969616,0.005954823842774924,0.0008257192268073139,17206.478516,275080.90625,0.0,1000000.0,1.647,2792.0,1298.0,1.204,0.424,0.117,1.638,2042.0,2014.0,0.021,0.003,0.043,3.0
108661.398438,17293.998684685655,0.006073,0.0059936,-6.186,-6.1658,-44.44624488609713,-353.27431732176296,0.00595235355771106,0.0007019459266955598,17293.998047,276872.96875,0.0,1000000.0,1.647,2792.0,1297.0,1.203,0.424,1.161,1.639,2064.0,2014.0,0.038,0.004,0.057,3.0
109328.71875,17400.20601096608,0.006012,0.006109600000000001,-6.396,-6.2048000000000005,-44.27974444810915,-355.5088527227732,0.006090840134009205,0.00047841260637940947,17400.205078,278232.40625,0.0,1000000.0,1.648,2800.0,1298.0,1.203,0.423,2.846,1.64,2048.0,2010.0,0.024,0.003,0.791,3.0
110004.28125,17507.7251222086,0.005951,0.006127800000000001,-6.124,-6.2406,-44.25390835417296,-357.5600416293415,0.0061222444313166315,0.0002608753787012284,17507.724609,280065.90625,0.0,1000000.0,1.648,2816.0,1297.0,1.211,0.424,0.674,1.64,2051.0,2015.0,0.027,0.003,0.144,3.0
110554.585938,17595.308833510444,0.006622,0.006134000000000001,-6.199,-6.2354,-44.24512456707067,-357.26210357587354,0.006126998035599271,0.00029300353540989476,17595.308594,281456.96875,0.0,1000000.0,1.647,2816.0,1296.0,1.205,0.424,0.628,1.639,2052.0,2012.0,0.027,0.004,0.045,3.0
111206.820313,17699.115158346147,0.005981,0.006103400000000002,-6.298,-6.1836,-44.28856333296663,-354.29418219709584,0.0060731605821587485,0.0006068048313199483,17699.115234,283333.34375,0.0,1000000.0,1.648,2790.0,1298.0,1.193,0.423,1.698,1.638,2051.0,2014.0,0.022,0.003,0.196,3.0
111866.804688,17804.154933990812,0.006104,0.006024000000000002,-6.16,-6.1882,-44.40230073614711,-354.55774278285605,0.005996845533075629,0.0005713314733417797,17804.154297,284757.125,0.0,1000000.0,1.647,2790.0,1298.0,1.189,0.424,0.69,1.639,2050.0,2016.0,0.023,0.003,0.102,3.0
112422.804688,17892.645082349907,0.005859,0.0058958000000000005,-6.137,-6.1686000000000005,-44.58914514466802,-353.43474550439964,0.005857137015198316,0.0006740946707946709,17892.644531,286195.28125,0.0,1000000.0,1.647,2816.0,1299.0,1.202,0.424,0.426,1.638,2049.0,2016.0,0.02,0.003,0.027,3.0
113097.335938,18000.00006505736,0.005554,0.005932600000000001,-6.147,-6.142800000000001,-44.53509865148456,-351.95651439296216,0.005874236005175741,0.0008301169288100185,18000.0,288135.59375,0.0,1000000.0,1.647,2790.0,1297.0,1.201,0.424,0.344,1.638,2042.0,2018.0,0.017,0.003,0.015,3.0
113780.023438,18108.65315526941,0.005981,0.0059142000000000005,-6.101,-6.1502,-44.562079861237876,-352.3805031613589,0.00586198044173979,0.0007841855269387357,18108.652344,289608.1875,0.0,1000000.0,1.648,2816.0,1297.0,1.202,0.424,0.363,1.64,2052.0,2014.0,0.027,0.003,0.013,3.0
114355.25,18200.203306009465,0.006165,0.0059570000000000005,-6.169,-6.163200000000001,-44.49944799802311,-353.125348295029,0.00591417152096976,0.0007130387230370044,18200.203125,291095.875,0.0,1000000.0,1.647,2816.0,1297.0,1.211,0.423,0.443,1.639,2051.0,2009.0,0.025,0.004,0.034,3.0
114936.320313,18292.68351860737,0.006012,0.0060608,-6.197,-6.1774000000000004,-44.349400940256785,-353.93894836411476,0.006026919826653236,0.0006399484690927309,18292.683594,292598.96875,0.0,1000000.0,1.648,2816.0,1297.0,1.204,0.424,1.046,1.639,2064.0,2016.0,0.026,0.004,0.145,3.0
115641.453125,18404.908891173458,0.006073,0.006012,-6.202,-6.1828,-44.41962056170259,-354.2483455734854,0.005981733336819534,0.0006025033503490602,18404.908203,294627.375,0.0,1000000.0,1.647,2792.0,1299.0,1.201,0.424,1.622,1.639,2052.0,2015.0,0.023,0.003,0.056,3.0
116235.703125,18499.486716105817,0.006073,0.0060057999999999995,-6.218,-6.19,-44.4285826879709,-354.6608751859796,0.005979743176984373,0.000558842712495057,18499.486328,296167.25,0.0,1000000.0,1.647,2790.0,1301.0,1.198,0.424,0.435,1.638,2049.0,2013.0,0.023,0.003,0.068,3.0
116810.6875,18590.99832158767,0.005737,0.006042399999999999,-6.128,-6.2174000000000005,-44.37581056621778,-356.23077954463804,0.006029329847366081,0.0003972144907483918,18590.998047,297202.8125,0.0,1000000.0,1.647,2790.0,1297.0,1.2,0.424,0.955,1.638,2041.0,2016.0,0.017,0.003,0.036,3.0
117500.515625,18700.787877565235,0.006134,0.0060608,-6.205,-6.2048000000000005,-44.349400940256785,-355.5088527227732,0.006042189977118467,0.0004745913193571305,18700.787109,299295.78125,0.0,1000000.0,1.647,2791.0,1297.0,1.202,0.424,0.548,1.638,2051.0,2018.0,0.019,0.003,0.079,3.0
118081.625,18793.274307073527,0.006195,0.0059936,-6.334,-6.176000000000001,-44.44624488609713,-353.8587342727965,0.005959203643264739,0.0006411964582717722,18793.273438,300884.96875,0.0,1000000.0,1.648,2792.0,1296.0,1.204,0.424,0.708,1.638,2048.0,2013.0,0.018,0.003,0.261,3.0
118786.59375,18905.47356836134,0.006165,0.006067,-6.139,-6.181400000000002,-44.34052010111904,-354.16813148216715,0.006035599309356592,0.0006164657142893089,18905.472656,302491.09375,0.0,1000000.0,1.647,2800.0,1298.0,1.204,0.424,1.293,1.639,2049.0,2015.0,0.022,0.004,0.169,3.0
119380.523438,19000.00041405557,0.005737,0.0060241999999999995,-6.074,-6.1782,-44.40201236478413,-353.9847849877252,0.00599103137260618,0.0006312913213790466,19000.0,304114.5,0.0,1000000.0,1.648,2791.0,1299.0,1.196,0.424,0.381,1.64,2048.0,2017.0,0.024,0.003,0.094,3.0
119980.421875,19095.47721565722,0.006104,0.006036400000000001,-6.155,-6.1486,-44.38443979132538,-352.288829914138,0.005981813194786168,0.0008099604080954223,19095.476563,305755.40625,0.0,1000000.0,1.648,2792.0,1300.0,1.197,0.424,1.238,1.639,2056.0,2017.0,0.028,0.004,0.145,3.0
120586.390625,19191.920137578938,0.00592,0.0059448,-6.189,-6.1446000000000005,-44.51725503405114,-352.05964679608564,0.00588780373005497,0.0008212272988343631,19191.919922,306859.21875,0.0,1000000.0,1.648,2790.0,1297.0,1.202,0.424,0.56,1.638,2048.0,2014.0,0.023,0.003,0.015,3.0
121321.671875,19308.943783079223,0.006256,0.0060057999999999995,-6.186,-6.1588,-44.4285826879709,-352.87324686517144,0.0059593998885058685,0.0007451084544388402,19308.943359,309090.90625,0.0,1000000.0,1.648,2791.0,1299.0,1.2,0.424,0.196,1.638,2044.0,2012.0,0.023,0.003,0.036,3.0
121941.289063,19407.558921374126,0.005707,0.0059386000000000005,-6.119,-6.157400000000001,-44.52631852104012,-352.79303277385316,0.005891681813535816,0.0007450203809637219,19407.558594,310786.09375,0.0,1000000.0,1.648,2791.0,1297.0,1.2,0.424,0.38,1.64,2048.0,2018.0,0.023,0.003,0.03,3.0
122567.273438,19507.187428953664,0.006042,0.0059508,-6.145,-6.1640000000000015,-44.508492913225304,-353.17118491863954,0.0059085840431752894,0.0007075699574843075,19507.1875,311926.59375,0.0,1000000.0,1.648,2816.0,1298.0,1.203,0.424,0.876,1.638,2050.0,2018.0,0.02,0.003,0.041,3.0
123199.71875,19607.844226593763,0.005768,0.0059326000000000005,-6.148,-6.1616,-44.53509865148456,-353.03367504780806,0.005888803219732656,0.0007195411032500525,19607.84375,313653.125,0.0,1000000.0,1.647,2790.0,1297.0,1.198,0.424,0.532,1.638,2042.0,2019.0,0.017,0.003,0.055,3.0
123806.609375,19704.433869478642,0.005981,0.006072999999999999,-6.222,-6.1814,-44.331934377548734,-354.1681314821671,0.006041568255434742,0.000617075372157415,19704.433594,315398.875,0.0,1000000.0,1.648,2790.0,1298.0,1.201,0.424,0.372,1.64,2051.0,2020.0,0.023,0.003,0.115,3.0
124419.515625,19801.98092881806,0.006165,0.006054800000000001,-6.174,-6.1872,-44.35800395489722,-354.5004470033429,0.006026929429214711,0.0005802798422017118,19801.980469,316573.5625,0.0,1000000.0,1.647,2789.0,1297.0,1.202,0.423,0.46,1.639,2049.0,2014.0,0.023,0.003,0.026,3.0
125038.523438,19900.499082069513,0.006409,0.006091400000000001,-6.218,-6.1924,-44.3056576205809,-354.79838505681096,0.006066314662370597,0.0005522502848414974,19900.498047,318352.0625,0.0,1000000.0,1.648,2792.0,1297.0,1.203,0.424,0.686,1.639,2050.0,2013.0,0.028,0.004,0.03,3.0
125663.710938,20000.000763053777,0.005951,0.006085400000000002,-6.174,-6.1828,-44.31421739688438,-354.2483455734854,0.006054763813686228,0.0006098592628433421,20000.0,320150.65625,0.0,1000000.0,1.648,2788.0,1300.0,1.185,0.428,1.213,1.64,2051.0,2011.0,0.029,0.003,0.024,3.0
